{"gradients/model.2.bias": {"_type": "histogram", "values": [1.0, 0.0, 0.0, 0.0, 1.0, 0.0, 0.0, 0.0, 0.0, 0.0, 0.0, 0.0, 0.0, 0.0, 0.0, 0.0, 0.0, 0.0, 0.0, 0.0, 0.0, 0.0, 0.0, 0.0, 0.0, 0.0, 0.0, 0.0, 0.0, 0.0, 0.0, 0.0, 1.0, 0.0, 1.0, 0.0, 0.0, 0.0, 0.0, 0.0, 0.0, 0.0, 0.0, 0.0, 0.0, 1.0, 0.0, 0.0, 0.0, 1.0, 0.0, 0.0, 0.0, 0.0, 0.0, 1.0, 0.0, 0.0, 0.0, 0.0, 1.0, 0.0, 0.0, 2.0], "bins": [-0.03844134882092476, -0.03750130906701088, -0.036561269313097, -0.03562122955918312, -0.03468118980526924, -0.03374115005135536, -0.03280111029744148, -0.031861066818237305, -0.030921028926968575, -0.029980989173054695, -0.029040949419140816, -0.028100909665226936, -0.027160868048667908, -0.02622082829475403, -0.02528078854084015, -0.02434074878692627, -0.02340070903301239, -0.02246066927909851, -0.02152062952518463, -0.020580589771270752, -0.019640550017356873, -0.018700510263442993, -0.017760468646883965, -0.016820428892970085, -0.015880389139056206, -0.014940349385142326, -0.014000309631228447, -0.013060268945991993, -0.012120229192078114, -0.011180189438164234, -0.01024014875292778, -0.0093001089990139, -0.008360067382454872, -0.007420027628540993, -0.006479987408965826, -0.005539947189390659, -0.00459990743547678, -0.0036598676815629005, -0.002719827461987734, -0.0017797872424125671, -0.0008397474884986877, 0.0001002924982458353, 0.0010403324849903584, 0.0019803724717348814, 0.0029204124584794044, 0.003860452212393284, 0.0048004924319684505, 0.005740532651543617, 0.006680572405457497, 0.007620612159371376, 0.008560651913285255, 0.00950069259852171, 0.010440732352435589, 0.011380772106349468, 0.012320812791585922, 0.013260852545499802, 0.014200892299413681, 0.01514093205332756, 0.01608097180724144, 0.01702101156115532, 0.0179610513150692, 0.018901091068983078, 0.019841132685542107, 0.020781172439455986, 0.021721212193369865]}, "gradients/model.2.weight": {"_type": "histogram", "values": [1.0, 0.0, 0.0, 3.0, 1.0, 2.0, 2.0, 2.0, 0.0, 2.0, 1.0, 1.0, 5.0, 1.0, 5.0, 3.0, 2.0, 2.0, 6.0, 5.0, 6.0, 8.0, 8.0, 4.0, 13.0, 7.0, 5.0, 9.0, 4.0, 13.0, 14.0, 9.0, 10.0, 6.0, 17.0, 18.0, 19.0, 25.0, 25.0, 29.0, 27.0, 31.0, 49.0, 175.0, 73.0, 61.0, 58.0, 49.0, 70.0, 57.0, 60.0, 51.0, 50.0, 41.0, 29.0, 21.0, 24.0, 17.0, 13.0, 6.0, 11.0, 8.0, 5.0, 1.0], "bins": [-0.14972929656505585, -0.14632560312747955, -0.14292189478874207, -0.13951820135116577, -0.13611450791358948, -0.13271081447601318, -0.1293071061372757, -0.1259034126996994, -0.12249971926212311, -0.11909601837396622, -0.11569232493638992, -0.11228862404823303, -0.10888493061065674, -0.10548122972249985, -0.10207752883434296, -0.09867383539676666, -0.09527013450860977, -0.09186643362045288, -0.08846274018287659, -0.0850590392947197, -0.0816553458571434, -0.07825164496898651, -0.07484795153141022, -0.07144425064325333, -0.06804054975509644, -0.06463684886693954, -0.06123315542936325, -0.05782945454120636, -0.054425761103630066, -0.051022060215473175, -0.04761836305260658, -0.04421466588973999, -0.04081097990274429, -0.0374072827398777, -0.03400358557701111, -0.030599886551499367, -0.027196189388632774, -0.023792492225766182, -0.02038879320025444, -0.016985096037387848, -0.013581402599811554, -0.010177705436944962, -0.0067740073427557945, -0.0033703092485666275, 3.3387914299964905e-05, 0.0034370850771665573, 0.006840784102678299, 0.010244481265544891, 0.013648182153701782, 0.017051879316568375, 0.020455576479434967, 0.02385927550494671, 0.0272629726678133, 0.030666669830679893, 0.034070368856191635, 0.03747406601905823, 0.04087776318192482, 0.04428146034479141, 0.047685157507658005, 0.0510888546705246, 0.05449255555868149, 0.05789624899625778, 0.06129994988441467, 0.06470364332199097, 0.06810734421014786]}, "gradients/model.0.bias": {"_type": "histogram", "values": [3.0, 0.0, 1.0, 1.0, 0.0, 0.0, 0.0, 2.0, 0.0, 2.0, 0.0, 2.0, 3.0, 2.0, 1.0, 3.0, 1.0, 0.0, 1.0, 2.0, 0.0, 4.0, 3.0, 4.0, 3.0, 2.0, 5.0, 4.0, 5.0, 5.0, 16.0, 2.0, 2.0, 5.0, 4.0, 2.0, 4.0, 3.0, 2.0, 2.0, 3.0, 2.0, 3.0, 3.0, 3.0, 0.0, 2.0, 3.0, 2.0, 0.0, 1.0, 0.0, 0.0, 0.0, 0.0, 0.0, 1.0, 2.0, 0.0, 0.0, 0.0, 0.0, 1.0, 1.0], "bins": [-0.007786823436617851, -0.007534598931670189, -0.0072823744267225266, -0.007030149456113577, -0.0067779249511659145, -0.006525700446218252, -0.0062734754756093025, -0.00602125097066164, -0.005769026465713978, -0.0055168019607663155, -0.005264577455818653, -0.0050123524852097034, -0.004760127980262041, -0.004507903475314379, -0.004255678504705429, -0.004003453999757767, -0.0037512294948101044, -0.003499004989862442, -0.003246780252084136, -0.00299455551430583, -0.0027423310093581676, -0.0024901065044105053, -0.0022378817666321993, -0.0019856570288538933, -0.001733432523906231, -0.0014812079025432467, -0.0012289832811802626, -0.0009767586598172784, -0.0007245340384542942, -0.00047230941709131, -0.00022008479572832584, 3.213982563465834e-05, 0.0002843635156750679, 0.0005365881370380521, 0.0007888127584010363, 0.0010410373797640204, 0.0012932620011270046, 0.0015454866224899888, 0.001797711243852973, 0.002049935981631279, 0.0023021604865789413, 0.0025543849915266037, 0.0028066097293049097, 0.0030588344670832157, 0.003311058972030878, 0.0035632834769785404, 0.0038155082147568464, 0.0040677329525351524, 0.004319957457482815, 0.004572181962430477, 0.0048244064673781395, 0.005076631437987089, 0.0053288559429347515, 0.005581080447882414, 0.0058333054184913635, 0.006085529923439026, 0.006337754428386688, 0.006589978933334351, 0.006842203438282013, 0.007094428408890963, 0.007346652913838625, 0.007598877418786287, 0.007851102389395237, 0.0081033268943429, 0.008355551399290562]}, "gradients/model.0.weight": {"_type": "histogram", "values": [2.0, 2.0, 2.0, 6.0, 6.0, 14.0, 4.0, 25.0, 21.0, 23.0, 38.0, 42.0, 56.0, 81.0, 86.0, 137.0, 179.0, 227.0, 291.0, 425.0, 568.0, 812.0, 1161.0, 1664.0, 2524.0, 3993.0, 6046.0, 9488.0, 13876.0, 30602.0, 18524.0, 13370.0, 9051.0, 5790.0, 3685.0, 2402.0, 1725.0, 1216.0, 824.0, 618.0, 402.0, 266.0, 231.0, 145.0, 114.0, 61.0, 55.0, 48.0, 37.0, 22.0, 20.0, 13.0, 16.0, 8.0, 12.0, 5.0, 2.0, 6.0, 0.0, 1.0, 1.0, 0.0, 0.0, 1.0], "bins": [-0.026444680988788605, -0.02556229755282402, -0.024679914116859436, -0.02379753068089485, -0.022915147244930267, -0.022032763808965683, -0.0211503803730011, -0.020267996937036514, -0.01938561350107193, -0.018503230065107346, -0.01762084662914276, -0.016738463193178177, -0.015856079757213593, -0.014973696321249008, -0.014091312885284424, -0.01320892944931984, -0.012326546013355255, -0.01144416257739067, -0.010561779141426086, -0.009679395705461502, -0.008797012269496918, -0.007914628833532333, -0.007032245397567749, -0.006149861961603165, -0.00526747852563858, -0.004385095089673996, -0.0035027116537094116, -0.0026203282177448273, -0.001737944781780243, -0.0008555613458156586, 2.682209014892578e-05, 0.0009092055261135101, 0.0017915889620780945, 0.002673972398042679, 0.003556355834007263, 0.0044387392699718475, 0.005321122705936432, 0.006203506141901016, 0.007085889577865601, 0.007968273013830185, 0.00885065644979477, 0.009733039885759354, 0.010615423321723938, 0.011497806757688522, 0.012380190193653107, 0.013262573629617691, 0.014144957065582275, 0.01502734050154686, 0.015909723937511444, 0.01679210737347603, 0.017674490809440613, 0.018556874245405197, 0.01943925768136978, 0.020321641117334366, 0.02120402455329895, 0.022086407989263535, 0.02296879142522812, 0.023851174861192703, 0.024733558297157288, 0.025615941733121872, 0.026498325169086456, 0.02738070860505104, 0.028263092041015625, 0.02914547547698021, 0.030027858912944794]}, "_runtime": 86, "_timestamp": 1639936691, "_step": 0, "_wandb": {"runtime": 85}}